liveseconds,wm.self.pos.x,wm.self.pos.y,hw.dw.result.robot_fc.pos.x,hw.dw.result.robot_fc.pos.y
69824.878,0.0000e+00,-0.0000e+00,-5.4813265, 6.4345959
69834.878, -1.1000e+01, 7.0000e+00,-2.7525888e-05,-3.6696995e-05
69844.878, 1.1000e+01, 7.0000e+00, -3.2112704e-05, -4.1284834e-05
69854.878, -1.1000e+01, -7.0000e+00, -5.5466353, 6.5416488
69864.878, 1.1000e+01, -7.0000e+00, -5.8494278, -0.81263071
