liveseconds,wm.self.pos.x,wm.self.pos.y,wm.self.pos.r,hw.dw.result.robot_fc.pos.x,hw.dw.result.robot_fc.pos.y,hw.omni.result.robot_fc0.pos.r
69824.878, -1.1000e+01, 7.0000e+00 , 1.6173717, -5.4813265, 6.4345959, 1.6173717
69834.878, 0.0000e+00,-0.0000e+00, 1.6173717, -2.7525888e-05,-3.6696995e-05, 1.6173717
69844.878, 1.1000e+01, 7.0000e+00, 1.6173717, -3.2112704e-05, -4.1284834e-05, 1.6173717
69854.878, -1.1000e+01, -7.0000e+00, 1.6173717, 5.5466353, -6.5416488, 1.6173717
69864.878, 1.1000e+01, -7.0000e+00, 1.6173717, 8.8494278, -0.81263071, 1.6173717
